data,Roraima - PIB - Per Capita,Roraima - PIB - Preços de Mercado,Roraima - PIB - Estadual,Roraima - PIB - Construção Civil,Roraima - População,Roraima - INCC (%),Roraima - IPCA - Variação mensal durante o Plano Real (%),Roraima - IGP-DI,Roraima - Taxa Selic (%),Roraima - IDH - Longevidade,Roraima - IDH - Renda,Roraima - IDH - Educação,Roraima - NFSP - Fluxo Mensal (Milhões de reais),Roraima - Estoque liquido de capital fixo - (R$),Roraima - Desemprego,Roraima - Produção de Cimento (t),Roraima - Valor,Roraima - Consumo de Cimento (t)
2003-01-01,351084.6116441433,184806.1009275592,1.0121474889666666,411797.185612158,346871.0,1.7,12.53,2.7,0.08229309524,0.717,0.652,0.457,3.46,6098524.41582601,5.8989895206,-1.0,-1.0,6920.0
2003-02-01,351084.6116441433,184806.1009275592,1.0121474889666666,411797.185612158,346871.0,1.51,2.25,2.17,0.08877068182,0.717,0.652,0.457,3.59,6172460.00795063,5.8989895206,28472.0,-1.0,7476.0
2003-03-01,351084.6116441433,184806.1009275592,1.0121474889666666,411797.185612158,346871.0,1.39,3.86,1.59,0.09073265,0.717,0.652,0.457,3.84,6172460.00795063,5.8989895206,46575.0,-1.0,8659.0
2003-04-01,351084.6116441433,184806.1009275592,1.0121474889666666,411797.185612158,346871.0,1.38,5.13,1.66,0.092749,0.717,0.652,0.457,3.95,6172460.00795063,5.8989895206,110056.0,-1.0,7259.0
2003-05-01,351084.6116441433,184806.1009275592,1.0121474889666666,411797.185612158,346871.0,0.9,6.15,0.41,0.0927578,0.717,0.652,0.457,4.06,6172460.00795063,5.8989895206,54649.0,-1.0,6786.0
2003-06-01,351084.6116441433,184806.1009275592,1.0121474889666666,411797.185612158,346871.0,2.84,6.8,-0.67,0.09272338095,0.717,0.652,0.457,3.94,6172460.00795063,5.8989895206,67499.0,-1.0,5555.0
2003-07-01,351084.6116441433,184806.1009275592,1.0121474889666666,411797.185612158,346871.0,1.05,6.64,-0.7,0.092025,0.717,0.652,0.457,3.6,6172460.00795063,5.8989895206,303601.0,-1.0,5060.0
2003-08-01,351084.6116441433,184806.1009275592,1.0121474889666666,411797.185612158,346871.0,0.99,6.85,-0.2,0.08972826087,0.717,0.652,0.457,3.23,6172460.00795063,5.8989895206,43070.0,-1.0,5241.0
2003-09-01,351084.6116441433,184806.1009275592,1.0121474889666666,411797.185612158,346871.0,1.44,7.22,0.62,0.083783,0.717,0.652,0.457,3.17,6172460.00795063,5.8989895206,26125.0,-1.0,4794.0
2003-10-01,351084.6116441433,184806.1009275592,1.0121474889666666,411797.185612158,346871.0,0.22,8.05,1.05,0.07573604545,0.717,0.652,0.457,2.7,6172460.00795063,5.8989895206,32751.0,-1.0,5781.0
2003-11-01,351084.6116441433,184806.1009275592,1.0121474889666666,411797.185612158,346871.0,0.65,8.37,0.44,0.07083917391,0.717,0.652,0.457,2.65,6172460.00795063,5.8989895206,-1.0,-1.0,5236.0
2003-12-01,351084.6116441433,184806.1009275592,1.0121474889666666,411797.185612158,346871.0,1.04,8.74,0.48,0.0667516,0.717,0.652,0.457,2.36,6172460.00795063,5.8989895206,113469.0,-1.0,5516.0
2004-01-01,333924.715618615,200541.63130332492,0.9345727581083332,180024.161525789,357302.0,0.16,9.3,0.6,0.062015,0.717,0.652,0.457,1.57,6172460.00795063,11.9182263085,-1.0,-1.0,5752.5
2004-02-01,333924.715618615,200541.63130332492,0.9345727581083332,180024.161525789,357302.0,0.33,0.76,0.8,0.0599982381,0.717,0.652,0.457,1.43,6261937.06181048,11.9182263085,38185.0,-1.0,5006.0
2004-03-01,333924.715618615,200541.63130332492,0.9345727581083332,180024.161525789,357302.0,1.0,1.37,1.08,0.05993777778,0.717,0.652,0.457,1.27,6261937.06181048,11.9182263085,38285.0,-1.0,5470.0
2004-04-01,333924.715618615,200541.63130332492,0.9345727581083332,180024.161525789,357302.0,1.16,1.85,0.93,0.05956991304,0.717,0.652,0.457,1.24,6261937.06181048,11.9182263085,143300.0,-1.0,1513.313
2004-05-01,333924.715618615,200541.63130332492,0.9345727581083332,180024.161525789,357302.0,0.59,2.23,1.15,0.0587633,0.717,0.652,0.457,1.21,6261937.06181048,11.9182263085,68903.0,-1.0,3705.915
2004-06-01,333924.715618615,200541.63130332492,0.9345727581083332,180024.161525789,357302.0,1.83,2.75,1.46,0.0581277619,0.717,0.652,0.457,1.35,6261937.06181048,11.9182263085,61562.0,-1.0,2891.75
2004-07-01,333924.715618615,200541.63130332492,0.9345727581083332,180024.161525789,357302.0,0.7,3.48,1.29,0.05822585714,0.717,0.652,0.457,1.59,6261937.06181048,11.9182263085,315769.0,-1.0,2796.75
2004-08-01,333924.715618615,200541.63130332492,0.9345727581083332,180024.161525789,357302.0,1.12,4.42,1.14,0.05813868182,0.717,0.652,0.457,1.72,6261937.06181048,11.9182263085,44820.0,-1.0,3319.963
2004-09-01,333924.715618615,200541.63130332492,0.9345727581083332,180024.161525789,357302.0,0.81,5.14,1.31,0.05843936364,0.717,0.652,0.457,1.83,6261937.06181048,11.9182263085,26294.0,-1.0,2351.0
2004-10-01,333924.715618615,200541.63130332492,0.9345727581083332,180024.161525789,357302.0,0.58,5.49,0.48,0.05923480952,0.717,0.652,0.457,1.87,6261937.06181048,11.9182263085,28658.0,-1.0,2124.75
2004-11-01,333924.715618615,200541.63130332492,0.9345727581083332,180024.161525789,357302.0,1.19,5.95,0.53,0.06031435,0.717,0.652,0.457,1.76,6261937.06181048,11.9182263085,-1.0,-1.0,1654.0
2004-12-01,333924.715618615,200541.63130332492,0.9345727581083332,180024.161525789,357302.0,0.71,6.68,0.82,0.0621806,0.717,0.652,0.457,1.71,6261937.06181048,11.9182263085,137717.0,-1.0,3188.0
2005-01-01,337048.41095905163,218109.13096980416,0.8825659628750001,208022.656947671,381896.0,0.51,7.6,0.52,0.06401773913,0.717,0.652,0.457,1.74,6261937.06181048,10.6696605255,-1.0,-1.0,2928.0
2005-02-01,337048.41095905163,218109.13096980416,0.8825659628750001,208022.656947671,381896.0,0.75,0.58,0.33,0.0654687619,0.717,0.652,0.457,1.57,6344077.42160595,10.6696605255,40794.0,-1.0,2118.0
2005-03-01,337048.41095905163,218109.13096980416,0.8825659628750001,208022.656947671,381896.0,0.44,1.17,0.4,0.06729072222,0.717,0.652,0.457,1.49,6344077.42160595,10.6696605255,47275.0,-1.0,2876.0
2005-04-01,337048.41095905163,218109.13096980416,0.8825659628750001,208022.656947671,381896.0,0.67,1.79,0.99,0.068961,0.717,0.652,0.457,1.37,6344077.42160595,10.6696605255,173172.0,-1.0,3091.0
2005-05-01,337048.41095905163,218109.13096980416,0.8825659628750001,208022.656947671,381896.0,0.72,2.68,0.51,0.07010755,0.717,0.652,0.457,1.37,6344077.42160595,10.6696605255,70806.0,-1.0,2684.0
2005-06-01,337048.41095905163,218109.13096980416,0.8825659628750001,208022.656947671,381896.0,2.09,3.18,-0.25,0.07106719048,0.717,0.652,0.457,1.18,6344077.42160595,10.6696605255,59012.0,-1.0,1466.0
2005-07-01,337048.41095905163,218109.13096980416,0.8825659628750001,208022.656947671,381896.0,0.76,3.16,-0.45,0.071533,0.717,0.652,0.457,0.95,6344077.42160595,10.6696605255,313931.0,-1.0,3161.0
2005-08-01,337048.41095905163,218109.13096980416,0.8825659628750001,208022.656947671,381896.0,0.11,3.42,-0.4,0.07145590476,0.717,0.652,0.457,0.76,6344077.42160595,10.6696605255,47976.0,-1.0,2107.0
2005-09-01,337048.41095905163,218109.13096980416,0.8825659628750001,208022.656947671,381896.0,0.02,3.59,-0.79,0.07154213043,0.717,0.652,0.457,0.55,6344077.42160595,10.6696605255,37768.0,-1.0,2674.0
2005-10-01,337048.41095905163,218109.13096980416,0.8825659628750001,208022.656947671,381896.0,0.24,3.95,-0.13,0.07107052381,0.717,0.652,0.457,0.29,6344077.42160595,10.6696605255,32312.0,-1.0,2351.0
2005-11-01,337048.41095905163,218109.13096980416,0.8825659628750001,208022.656947671,381896.0,0.19,4.73,0.63,0.0698922,0.717,0.652,0.457,0.25,6344077.42160595,10.6696605255,-1.0,-1.0,2327.0
2005-12-01,337048.41095905163,218109.13096980416,0.8825659628750001,208022.656947671,381896.0,0.28,5.31,0.33,0.0686031,0.717,0.652,0.457,0.24,6344077.42160595,10.6696605255,179087.0,-1.0,2396.0
2006-01-01,353502.5504277992,245756.28974828168,0.9033661978083334,221349.49040279,391317.0,0.37,5.69,0.07,0.06651395455,0.717,0.652,0.457,0.25,6344077.42160595,16.8945127554,-1.0,-1.0,3458.0
2006-02-01,353502.5504277992,245756.28974828168,0.9033661978083334,221349.49040279,391317.0,0.34,0.59,0.72,0.06452986364,0.717,0.652,0.457,0.27,6428173.06422105,16.8945127554,50675.0,-1.0,3467.0
2006-03-01,353502.5504277992,245756.28974828168,0.9033661978083334,221349.49040279,391317.0,0.19,1.0,-0.06,0.06327316667,0.717,0.652,0.457,0.37,6428173.06422105,16.8945127554,44960.0,-1.0,4437.0
2006-04-01,353502.5504277992,245756.28974828168,0.9033661978083334,221349.49040279,391317.0,0.2,1.44,-0.45,0.06142243478,0.717,0.652,0.457,0.29,6428173.06422105,16.8945127554,186422.0,-1.0,2394.0
2006-05-01,353502.5504277992,245756.28974828168,0.9033661978083334,221349.49040279,391317.0,0.36,1.65,0.02,0.05957944444,0.717,0.652,0.457,0.12,6428173.06422105,16.8945127554,71143.0,-1.0,2040.0
2006-06-01,353502.5504277992,245756.28974828168,0.9033661978083334,221349.49040279,391317.0,1.32,1.75,0.38,0.05789063636,0.717,0.652,0.457,0.13,6428173.06422105,16.8945127554,64142.0,-1.0,2291.0
2006-07-01,353502.5504277992,245756.28974828168,0.9033661978083334,221349.49040279,391317.0,0.9,1.54,0.67,0.05608404762,0.717,0.652,0.457,0.21,6428173.06422105,16.8945127554,322597.0,-1.0,2365.0
2006-08-01,353502.5504277992,245756.28974828168,0.9033661978083334,221349.49040279,391317.0,0.47,1.73,0.17,0.05540461905,0.717,0.652,0.457,0.33,6428173.06422105,16.8945127554,60306.0,-1.0,3013.0
2006-09-01,353502.5504277992,245756.28974828168,0.9033661978083334,221349.49040279,391317.0,0.24,1.78,0.41,0.05429469565,0.717,0.652,0.457,0.44,6428173.06422105,16.8945127554,19381.0,-1.0,1843.0
2006-10-01,353502.5504277992,245756.28974828168,0.9033661978083334,221349.49040279,391317.0,0.11,2.0,0.24,0.0526018,0.717,0.652,0.457,0.6,6428173.06422105,16.8945127554,32883.0,-1.0,3350.0
2006-11-01,353502.5504277992,245756.28974828168,0.9033661978083334,221349.49040279,391317.0,0.21,2.33,0.81,0.05183728571,0.717,0.652,0.457,0.57,6428173.06422105,16.8945127554,-1.0,-1.0,2334.0
2006-12-01,353502.5504277992,245756.28974828168,0.9033661978083334,221349.49040279,391317.0,0.23,2.65,0.57,0.0507845,0.717,0.652,0.457,0.59,6428173.06422105,16.8945127554,172605.0,-1.0,3251.0
2007-01-01,394172.5465791025,292593.7810013233,0.9772614606333332,458313.914943847,403344.0,0.36,3.14,0.26,0.049164,0.717,0.652,0.457,0.69,6428173.06422105,9.9083430661,-1.0,-1.0,2530.0
2007-02-01,394172.5465791025,292593.7810013233,0.9772614606333332,458313.914943847,403344.0,0.45,0.44,0.43,0.04896572727,0.717,0.652,0.457,0.68,6529451.68540568,9.9083430661,41527.0,-1.0,2885.0
2007-03-01,394172.5465791025,292593.7810013233,0.9772614606333332,458313.914943847,403344.0,0.21,0.88,0.23,0.04827277778,0.717,0.652,0.457,0.6,6529451.68540568,9.9083430661,55096.0,-1.0,3519.0
2007-04-01,394172.5465791025,292593.7810013233,0.9772614606333332,458313.914943847,403344.0,0.27,1.26,0.22,0.04758977273,0.717,0.652,0.457,0.57,6529451.68540568,9.9083430661,226183.0,-1.0,2635.0
2007-05-01,394172.5465791025,292593.7810013233,0.9772614606333332,458313.914943847,403344.0,0.46,1.51,0.14,0.04703045,0.717,0.652,0.457,0.54,6529451.68540568,9.9083430661,75099.0,-1.0,2555.0
2007-06-01,394172.5465791025,292593.7810013233,0.9772614606333332,458313.914943847,403344.0,1.15,1.79,0.16,0.046503,0.717,0.652,0.457,0.48,6529451.68540568,9.9083430661,80893.0,-1.0,3210.0
2007-07-01,394172.5465791025,292593.7810013233,0.9772614606333332,458313.914943847,403344.0,0.92,2.08,0.26,0.0450878,0.717,0.652,0.457,0.39,6529451.68540568,9.9083430661,336286.0,-1.0,3001.0
2007-08-01,394172.5465791025,292593.7810013233,0.9772614606333332,458313.914943847,403344.0,0.31,2.32,0.37,0.04400663636,0.717,0.652,0.457,0.3,6529451.68540568,9.9083430661,66019.0,-1.0,3026.0
2007-09-01,394172.5465791025,292593.7810013233,0.9772614606333332,458313.914943847,403344.0,0.26,2.8,1.39,0.04295447826,0.717,0.652,0.457,0.28,6529451.68540568,9.9083430661,39225.0,-1.0,2157.0
2007-10-01,394172.5465791025,292593.7810013233,0.9772614606333332,458313.914943847,403344.0,0.51,2.99,1.17,0.04220568421,0.717,0.652,0.457,0.4,6529451.68540568,9.9083430661,48348.0,-1.0,3655.0
2007-11-01,394172.5465791025,292593.7810013233,0.9772614606333332,458313.914943847,403344.0,0.51,3.3,0.75,0.04206336364,0.717,0.652,0.457,0.5,6529451.68540568,9.9083430661,-1.0,-1.0,2908.0
2007-12-01,394172.5465791025,292593.7810013233,0.9772614606333332,458313.914943847,403344.0,0.36,3.69,1.05,0.042065,0.717,0.652,0.457,0.52,6529451.68540568,9.9083430661,216239.0,-1.0,3850.0
2008-01-01,405924.6666922,320719.30473600584,0.9453123059916666,234392.87236475,395725.0,0.59,4.46,1.47,0.042065,0.717,0.652,0.457,0.47,6529451.68540568,12.0740987819,-1.0,-1.0,5564.0
2008-02-01,405924.6666922,320719.30473600584,0.9453123059916666,234392.87236475,395725.0,0.38,0.54,0.99,0.04205845455,0.717,0.652,0.457,0.63,6647965.94362564,12.0740987819,44520.0,-1.0,4858.0
2008-03-01,405924.6666922,320719.30473600584,0.9453123059916666,234392.87236475,395725.0,0.4,1.03,0.38,0.04206310526,0.717,0.652,0.457,0.65,6647965.94362564,12.0740987819,63337.0,-1.0,4369.0
2008-04-01,405924.6666922,320719.30473600584,0.9453123059916666,234392.87236475,395725.0,0.66,1.52,0.7,0.0420614,0.717,0.652,0.457,0.7,6647965.94362564,12.0740987819,235175.0,-1.0,5565.0
2008-05-01,405924.6666922,320719.30473600584,0.9453123059916666,234392.87236475,395725.0,0.87,2.08,1.12,0.04274185714,0.717,0.652,0.457,0.83,6647965.94362564,12.0740987819,111212.0,-1.0,4825.0
2008-06-01,405924.6666922,320719.30473600584,0.9453123059916666,234392.87236475,395725.0,2.02,2.88,1.88,0.0436576,0.717,0.652,0.457,0.93,6647965.94362564,12.0740987819,73496.0,-1.0,3693.0
2008-07-01,405924.6666922,320719.30473600584,0.9453123059916666,234392.87236475,395725.0,1.92,3.64,1.89,0.04529861905,0.717,0.652,0.457,1.14,6647965.94362564,12.0740987819,406539.0,-1.0,3922.0
2008-08-01,405924.6666922,320719.30473600584,0.9453123059916666,234392.87236475,395725.0,1.46,4.19,1.12,0.04627117391,0.717,0.652,0.457,1.33,6647965.94362564,12.0740987819,88859.0,-1.0,4293.0
2008-09-01,405924.6666922,320719.30473600584,0.9453123059916666,234392.87236475,395725.0,1.18,4.48,-0.38,0.04822657143,0.717,0.652,0.457,1.42,6647965.94362564,12.0740987819,48774.0,-1.0,3131.0
2008-10-01,405924.6666922,320719.30473600584,0.9453123059916666,234392.87236475,395725.0,0.95,4.76,0.36,0.04987840909,0.717,0.652,0.457,1.23,6647965.94362564,12.0740987819,37038.0,-1.0,4837.0
2008-11-01,405924.6666922,320719.30473600584,0.9453123059916666,234392.87236475,395725.0,0.77,5.23,1.09,0.05083973913,0.717,0.652,0.457,1.22,6647965.94362564,12.0740987819,-1.0,-1.0,6646.0
2008-12-01,405924.6666922,320719.30473600584,0.9453123059916666,234392.87236475,395725.0,0.5,5.61,0.07,0.050753,0.717,0.652,0.457,1.24,6647965.94362564,12.0740987819,223356.0,-1.0,8306.0
2009-01-01,429973.7808028892,369542.93950088834,1.0416460484166663,248366.942838379,412783.0,0.17,5.9,-0.44,0.050823,0.717,0.652,0.457,1.13,6647965.94362564,7.3503769585,-1.0,-1.0,3789.0
2009-02-01,429973.7808028892,369542.93950088834,1.0416460484166663,248366.942838379,412783.0,0.33,0.48,0.01,0.04964833333,0.717,0.652,0.457,0.95,6773699.30541316,7.3503769585,49644.0,-1.0,4322.0
2009-03-01,429973.7808028892,369542.93950088834,1.0416460484166663,248366.942838379,412783.0,0.27,1.03,-0.13,0.047314,0.717,0.652,0.457,0.87,6773699.30541316,7.3503769585,79237.0,-1.0,6586.0
2009-04-01,429973.7808028892,369542.93950088834,1.0416460484166663,248366.942838379,412783.0,-0.25,1.23,-0.84,0.04392790909,0.717,0.652,0.457,0.82,6773699.30541316,7.3503769585,163020.0,-1.0,3765.0
2009-05-01,429973.7808028892,369542.93950088834,1.0416460484166663,248366.942838379,412783.0,-0.04,1.72,0.04,0.04181185,0.717,0.652,0.457,0.67,6773699.30541316,7.3503769585,117879.0,-1.0,3991.0
2009-06-01,429973.7808028892,369542.93950088834,1.0416460484166663,248366.942838379,412783.0,1.39,2.2,0.18,0.0384042,0.717,0.652,0.457,0.55,6773699.30541316,7.3503769585,82609.0,-1.0,3566.0
2009-07-01,429973.7808028892,369542.93950088834,1.0416460484166663,248366.942838379,412783.0,0.7,2.57,-0.32,0.03616333333,0.717,0.652,0.457,0.38,6773699.30541316,7.3503769585,392345.0,-1.0,7338.0
2009-08-01,429973.7808028892,369542.93950088834,1.0416460484166663,248366.942838379,412783.0,0.26,2.81,-0.64,0.03422486957,0.717,0.652,0.457,0.19,6773699.30541316,7.3503769585,72388.0,-1.0,6946.0
2009-09-01,429973.7808028892,369542.93950088834,1.0416460484166663,248366.942838379,412783.0,-0.05,2.97,0.09,0.032927,0.717,0.652,0.457,0.02,6773699.30541316,7.3503769585,54249.0,-1.0,4990.0
2009-10-01,429973.7808028892,369542.93950088834,1.0416460484166663,248366.942838379,412783.0,0.15,3.21,0.25,0.032927,0.717,0.652,0.457,0.04,6773699.30541316,7.3503769585,42779.0,-1.0,6286.0
2009-11-01,429973.7808028892,369542.93950088834,1.0416460484166663,248366.942838379,412783.0,0.06,3.5,-0.04,0.032927,0.717,0.652,0.457,0.0,6773699.30541316,7.3503769585,-1.0,-1.0,6073.0
2009-12-01,429973.7808028892,369542.93950088834,1.0416460484166663,248366.942838379,412783.0,0.29,3.93,0.07,0.032927,0.717,0.652,0.457,-0.07,6773699.30541316,7.3503769585,182891.0,-1.0,5412.0
2010-01-01,470168.155350545,433641.0984631283,1.1154668346833334,364455.188278809,421499.0,0.1,4.31,-0.11,0.03292531818,0.717,0.652,0.457,-0.06,6773699.30541316,11.3186737437,22833.0,-1.0,7224.0
2010-02-01,470168.155350545,433641.0984631283,1.1154668346833334,364455.188278809,421499.0,0.64,0.75,1.01,0.03292515,0.717,0.652,0.457,-0.02,6930862.75002851,11.3186737437,66023.0,-1.0,7534.0
2010-03-01,470168.155350545,433641.0984631283,1.1154668346833334,364455.188278809,421499.0,0.36,1.54,1.09,0.032927,0.717,0.652,0.457,0.08,6930862.75002851,11.3186737437,95904.0,-1.0,7626.0
2010-04-01,470168.155350545,433641.0984631283,1.1154668346833334,364455.188278809,421499.0,0.75,2.06,0.63,0.032927,0.717,0.652,0.457,0.18,6930862.75002851,11.3186737437,237423.0,-1.0,6218.0
2010-05-01,470168.155350545,433641.0984631283,1.1154668346833334,364455.188278809,421499.0,0.84,2.65,0.72,0.0331908,0.717,0.652,0.457,0.29,6930862.75002851,11.3186737437,114215.0,-1.0,6211.0
2010-06-01,470168.155350545,433641.0984631283,1.1154668346833334,364455.188278809,421499.0,1.81,3.09,1.57,0.03565185714,0.717,0.652,0.457,0.43,6930862.75002851,11.3186737437,86469.0,-1.0,6338.0
2010-07-01,470168.155350545,433641.0984631283,1.1154668346833334,364455.188278809,421499.0,1.09,3.09,0.34,0.0376,0.717,0.652,0.457,0.6,6930862.75002851,11.3186737437,404884.0,-1.0,7085.0
2010-08-01,470168.155350545,433641.0984631283,1.1154668346833334,364455.188278809,421499.0,0.44,3.1,0.22,0.03897777273,0.717,0.652,0.457,0.67,6930862.75002851,11.3186737437,90577.0,-1.0,7315.0
2010-09-01,470168.155350545,433641.0984631283,1.1154668346833334,364455.188278809,421499.0,0.14,3.14,1.1,0.040203,0.717,0.652,0.457,0.74,6930862.75002851,11.3186737437,61764.0,-1.0,6640.0
2010-10-01,470168.155350545,433641.0984631283,1.1154668346833334,364455.188278809,421499.0,0.21,3.6,1.1,0.040203,0.717,0.652,0.457,0.85,6930862.75002851,11.3186737437,39004.0,-1.0,6459.0
2010-11-01,470168.155350545,433641.0984631283,1.1154668346833334,364455.188278809,421499.0,0.2,4.38,1.03,0.040203,0.717,0.652,0.457,0.93,6930862.75002851,11.3186737437,-1.0,-1.0,8807.0
2010-12-01,470168.155350545,433641.0984631283,1.1154668346833334,364455.188278809,421499.0,0.37,5.25,1.58,0.040203,0.717,0.652,0.457,0.99,6930862.75002851,11.3186737437,226448.0,-1.0,8951.0
2011-01-01,505610.5973012408,505610.5973012408,1.0975334176333331,537835.04221723,450479.0,0.67,5.91,0.38,0.04020769565,0.809,0.695,0.628,1.23,6930862.75002851,11.3186737437,44544.0,-1.0,11753.0
2011-02-01,505610.5973012408,505610.5973012408,1.0975334176333331,537835.04221723,450479.0,0.41,0.83,0.98,0.04089519048,0.809,0.695,0.628,1.22,7102235.53510611,11.3186737437,61657.0,-1.0,10452.0
2011-03-01,505610.5973012408,505610.5973012408,1.0975334176333331,537835.04221723,450479.0,0.28,1.64,0.96,0.0420272,0.809,0.695,0.628,1.18,7102235.53510611,11.3186737437,106902.0,-1.0,10200.0
2011-04-01,505610.5973012408,505610.5973012408,1.0975334176333331,537835.04221723,450479.0,0.43,2.44,0.61,0.04364038095,0.809,0.695,0.628,1.15,7102235.53510611,11.3186737437,266192.0,-1.0,8940.0
2011-05-01,505610.5973012408,505610.5973012408,1.0975334176333331,537835.04221723,450479.0,1.06,3.23,0.5,0.04404368421,0.809,0.695,0.628,1.17,7102235.53510611,11.3186737437,144727.0,-1.0,7316.0
2011-06-01,505610.5973012408,505610.5973012408,1.0975334176333331,537835.04221723,450479.0,2.94,3.71,0.01,0.044698,0.809,0.695,0.628,1.11,7102235.53510611,11.3186737437,108545.0,-1.0,6204.0
2011-07-01,505610.5973012408,505610.5973012408,1.0975334176333331,537835.04221723,450479.0,0.37,3.87,-0.13,0.04533085714,0.809,0.695,0.628,0.91,7102235.53510611,11.3186737437,447253.0,-1.0,8290.0
2011-08-01,505610.5973012408,505610.5973012408,1.0975334176333331,537835.04221723,450479.0,0.45,4.04,-0.05,0.04587866667,0.809,0.695,0.628,0.84,7102235.53510611,11.3186737437,108106.0,-1.0,7870.0
2011-09-01,505610.5973012408,505610.5973012408,1.0975334176333331,537835.04221723,450479.0,0.13,4.42,0.61,0.04646017391,0.809,0.695,0.628,0.78,7102235.53510611,11.3186737437,57050.0,-1.0,6693.0
2011-10-01,505610.5973012408,505610.5973012408,1.0975334176333331,537835.04221723,450479.0,0.14,4.97,0.75,0.04464585714,0.809,0.695,0.628,0.73,7102235.53510611,11.3186737437,69766.0,-1.0,6684.0
2011-11-01,505610.5973012408,505610.5973012408,1.0975334176333331,537835.04221723,450479.0,0.23,5.43,0.4,0.04391405,0.809,0.695,0.628,0.7,7102235.53510611,11.3186737437,-1.0,-1.0,8833.0
2011-12-01,505610.5973012408,505610.5973012408,1.0975334176333331,537835.04221723,450479.0,0.72,5.97,0.43,0.042849,0.809,0.695,0.628,0.64,7102235.53510611,11.3186737437,269551.0,-1.0,9774.0
2012-01-01,517150.7321395167,560170.392702845,1.1238376063833333,482179.246753831,460165.0,0.11,6.5,-0.16,0.04106463636,0.809,0.695,0.628,0.46,7102235.53510611,9.7683214637,52814.0,-1.0,9914.0
2012-02-01,517150.7321395167,560170.392702845,1.1238376063833333,482179.246753831,460165.0,0.89,0.56,0.3,0.0403295,0.809,0.695,0.628,0.38,7283723.05855449,9.7683214637,53781.0,-1.0,9563.0
2012-03-01,517150.7321395167,560170.392702845,1.1238376063833333,482179.246753831,460165.0,0.3,1.01,0.07,0.03927,0.809,0.695,0.628,0.3,7283723.05855449,9.7683214637,111368.0,-1.0,9217.0
2012-04-01,517150.7321395167,560170.392702845,1.1238376063833333,482179.246753831,460165.0,0.51,1.22,0.56,0.037179,0.809,0.695,0.628,0.26,7283723.05855449,9.7683214637,304596.0,-1.0,8291.0
2012-05-01,517150.7321395167,560170.392702845,1.1238376063833333,482179.246753831,460165.0,0.75,1.87,1.02,0.035474,0.809,0.695,0.628,0.25,7283723.05855449,9.7683214637,151186.0,-1.0,9572.0
2012-06-01,517150.7321395167,560170.392702845,1.1238376063833333,482179.246753831,460165.0,1.88,2.24,0.91,0.03373136364,0.809,0.695,0.628,0.35,7283723.05855449,9.7683214637,95711.0,-1.0,7885.0
2012-07-01,517150.7321395167,560170.392702845,1.1238376063833333,482179.246753831,460165.0,0.73,2.32,0.69,0.0319778,0.809,0.695,0.628,0.51,7283723.05855449,9.7683214637,426810.0,-1.0,7461.0
2012-08-01,517150.7321395167,560170.392702845,1.1238376063833333,482179.246753831,460165.0,0.67,2.76,1.52,0.03080763636,0.809,0.695,0.628,0.61,7283723.05855449,9.7683214637,122665.0,-1.0,9928.0
2012-09-01,517150.7321395167,560170.392702845,1.1238376063833333,482179.246753831,460165.0,0.26,3.18,1.29,0.02997965217,0.809,0.695,0.628,0.79,7283723.05855449,9.7683214637,59345.0,-1.0,6799.0
2012-10-01,517150.7321395167,560170.392702845,1.1238376063833333,482179.246753831,460165.0,0.22,3.77,0.88,0.028296,0.809,0.695,0.628,0.88,7283723.05855449,9.7683214637,127092.0,-1.0,6685.0
2012-11-01,517150.7321395167,560170.392702845,1.1238376063833333,482179.246753831,460165.0,0.21,4.38,-0.31,0.02770736364,0.809,0.695,0.628,0.89,7283723.05855449,9.7683214637,-1.0,-1.0,7509.0
2012-12-01,517150.7321395167,560170.392702845,1.1238376063833333,482179.246753831,460165.0,0.33,5.01,0.25,0.027371,0.809,0.695,0.628,0.84,7283723.05855449,9.7683214637,258515.0,-1.0,7242.0
2013-01-01,503597.72376832087,588818.92519468,1.0725707818333332,390768.075796162,469524.0,0.16,5.84,0.66,0.02743595,0.75,0.695,0.75,0.88,7283723.05855449,10.17850671,36088.0,-1.0,8872.0
2013-02-01,503597.72376832087,588818.92519468,1.0725707818333332,390768.075796162,469524.0,0.65,0.86,0.31,0.02726,0.75,0.695,0.75,0.98,7469859.82561107,10.17850671,71954.0,-1.0,9111.0
2013-03-01,503597.72376832087,588818.92519468,1.0725707818333332,390768.075796162,469524.0,0.6,1.47,0.2,0.0273115,0.75,0.695,0.75,1.0,7469859.82561107,8.0,151803.0,-1.0,11886.0
2013-04-01,503597.72376832087,588818.92519468,1.0725707818333332,390768.075796162,469524.0,0.5,1.94,0.31,0.02739875,0.75,0.695,0.75,1.03,7469859.82561107,7.8,333440.0,-1.0,13366.0
2013-05-01,503597.72376832087,588818.92519468,1.0725707818333332,390768.075796162,469524.0,0.74,2.5,-0.06,0.02781163636,0.75,0.695,0.75,0.98,7469859.82561107,7.7,150133.0,-1.0,9793.0
2013-06-01,503597.72376832087,588818.92519468,1.0725707818333332,390768.075796162,469524.0,2.25,2.88,0.32,0.02842080952,0.75,0.695,0.75,0.88,7469859.82561107,7.6,159043.0,-1.0,8558.0
2013-07-01,503597.72376832087,588818.92519468,1.0725707818333332,390768.075796162,469524.0,1.15,3.15,0.76,0.030177,0.75,0.695,0.75,0.76,7469859.82561107,7.5,411420.0,-1.0,9703.0
2013-08-01,503597.72376832087,588818.92519468,1.0725707818333332,390768.075796162,469524.0,0.48,3.18,0.14,0.03137373913,0.75,0.695,0.75,0.82,7469859.82561107,7.4,132299.0,-1.0,9367.0
2013-09-01,503597.72376832087,588818.92519468,1.0725707818333332,390768.075796162,469524.0,0.31,3.43,0.46,0.03217809091,0.75,0.695,0.75,0.73,7469859.82561107,7.1,62913.0,-1.0,9775.0
2013-10-01,503597.72376832087,588818.92519468,1.0725707818333332,390768.075796162,469524.0,0.43,3.79,1.36,0.033839,0.75,0.695,0.75,0.63,7469859.82561107,7.0,140674.0,-1.0,9853.0
2013-11-01,503597.72376832087,588818.92519468,1.0725707818333332,390768.075796162,469524.0,0.26,4.38,0.63,0.03510369565,0.75,0.695,0.75,0.71,7469859.82561107,6.8,-1.0,-1.0,11224.0
2013-12-01,503597.72376832087,588818.92519468,1.0725707818333332,390768.075796162,469524.0,0.35,4.95,0.28,0.0358381,0.75,0.695,0.75,0.81,7469859.82561107,6.9,262314.0,-1.0,10406.0
2014-01-01,552872.3859447016,694943.9926057783,1.1327680873833332,627101.611176818,488072.0,0.1,5.91,0.69,0.0374662381,0.76,0.695,0.75,0.82,7469859.82561107,7.3,50671.0,-1.0,10334.0
2014-02-01,552872.3859447016,694943.9926057783,1.1327680873833332,627101.611176818,488072.0,0.88,0.55,0.4,0.03845090909,0.76,0.695,0.75,0.77,7640474.20151994,7.8,-1.0,-1.0,9723.0
2014-03-01,552872.3859447016,694943.9926057783,1.1327680873833332,627101.611176818,488072.0,0.33,1.24,0.85,0.0393598,0.76,0.695,0.75,0.75,7640474.20151994,8.1,116162.0,-1.0,10850.0
2014-04-01,552872.3859447016,694943.9926057783,1.1327680873833332,627101.611176818,488072.0,0.28,2.18,1.48,0.040168,0.76,0.695,0.75,0.84,7640474.20151994,7.9,-1.0,-1.0,11072.0
2014-05-01,552872.3859447016,694943.9926057783,1.1327680873833332,627101.611176818,488072.0,0.88,2.86,0.45,0.0409735,0.76,0.695,0.75,1.0,7640474.20151994,7.7,-1.0,-1.0,9501.0
2014-06-01,552872.3859447016,694943.9926057783,1.1327680873833332,627101.611176818,488072.0,2.05,3.33,-0.45,0.041063,0.76,0.695,0.75,1.06,7640474.20151994,7.5,-1.0,-1.0,11617.0
2014-07-01,552872.3859447016,694943.9926057783,1.1327680873833332,627101.611176818,488072.0,0.66,3.75,-0.63,0.041063,0.76,0.695,0.75,1.04,7640474.20151994,7.4,443127.0,-1.0,10944.0
2014-08-01,552872.3859447016,694943.9926057783,1.1327680873833332,627101.611176818,488072.0,0.75,3.76,-0.55,0.041063,0.76,0.695,0.75,0.93,7640474.20151994,7.2,-1.0,-1.0,11447.0
2014-09-01,552872.3859447016,694943.9926057783,1.1327680873833332,627101.611176818,488072.0,0.08,4.02,0.06,0.04106814286,0.76,0.695,0.75,0.9,7640474.20151994,7.0,-1.0,-1.0,11006.0
2014-10-01,552872.3859447016,694943.9926057783,1.1327680873833332,627101.611176818,488072.0,0.15,4.61,0.02,0.041063,0.76,0.695,0.75,0.96,7640474.20151994,6.8,-1.0,-1.0,13322.0
2014-11-01,552872.3859447016,694943.9926057783,1.1327680873833332,627101.611176818,488072.0,0.17,5.05,0.59,0.04114073913,0.76,0.695,0.75,0.87,7640474.20151994,6.6,-1.0,-1.0,11245.0
2014-12-01,552872.3859447016,694943.9926057783,1.1327680873833332,627101.611176818,488072.0,0.44,5.58,1.14,0.041957,0.76,0.695,0.75,0.91,7640474.20151994,6.3,-1.0,-1.0,8592.0
2015-01-01,552831.6009584792,749418.94242679,1.1124804823166663,549713.058000987,496936.0,0.08,6.41,0.38,0.043496,0.77,0.695,0.76,1.12,7640474.20151994,6.5,-1.0,-1.0,12845.0
2015-02-01,552831.6009584792,749418.94242679,1.1124804823166663,549713.058000987,496936.0,0.92,1.24,0.67,0.04433033333,0.77,0.695,0.76,1.04,7751228.17009106,6.8,-1.0,-1.0,9759.0
2015-03-01,552831.6009584792,749418.94242679,1.1124804823166663,549713.058000987,496936.0,0.31,2.48,0.53,0.045513,0.77,0.695,0.76,1.08,7751228.17009106,7.2,-1.0,-1.0,9856.0
2015-04-01,552831.6009584792,749418.94242679,1.1124804823166663,549713.058000987,496936.0,0.62,3.83,1.21,0.04703818182,0.77,0.695,0.76,1.09,7751228.17009106,7.2,-1.0,-1.0,9468.0
2015-05-01,552831.6009584792,749418.94242679,1.1124804823166663,549713.058000987,496936.0,0.46,4.56,0.92,0.04737575,0.77,0.695,0.76,1.03,7751228.17009106,7.1,-1.0,-1.0,11937.0
2015-06-01,552831.6009584792,749418.94242679,1.1124804823166663,549713.058000987,496936.0,0.95,5.34,0.4,0.049037,0.77,0.695,0.76,1.05,7751228.17009106,6.9,-1.0,-1.0,8438.0
2015-07-01,552831.6009584792,749418.94242679,1.1124804823166663,549713.058000987,496936.0,1.84,6.17,0.68,0.05053785714,0.77,0.695,0.76,1.13,7751228.17009106,7.0,-1.0,-1.0,15279.0
2015-08-01,552831.6009584792,749418.94242679,1.1124804823166663,549713.058000987,496936.0,0.55,6.83,0.58,0.05093956522,0.77,0.695,0.76,1.27,7751228.17009106,7.0,-1.0,-1.0,12303.0
2015-09-01,552831.6009584792,749418.94242679,1.1124804823166663,549713.058000987,496936.0,0.59,7.06,0.4,0.052531,0.77,0.695,0.76,1.36,7751228.17009106,6.9,-1.0,-1.0,10868.0
2015-10-01,552831.6009584792,749418.94242679,1.1124804823166663,549713.058000987,496936.0,0.22,7.64,1.42,0.052531,0.77,0.695,0.76,1.34,7751228.17009106,6.7,-1.0,-1.0,12857.0
2015-11-01,552831.6009584792,749418.94242679,1.1124804823166663,549713.058000987,496936.0,0.36,8.52,1.76,0.052531,0.77,0.695,0.76,1.45,7751228.17009106,6.6,-1.0,-1.0,10157.0
2015-12-01,552831.6009584792,749418.94242679,1.1124804823166663,549713.058000987,496936.0,0.34,9.62,1.19,0.052531,0.77,0.695,0.76,1.49,7751228.17009106,6.6,-1.0,-1.0,9416.0
2016-01-01,539566.2730591842,786778.2159475541,1.0670429495,410581.78292443,505665.0,0.1,10.67,0.44,0.052531,0.77,0.695,0.77,1.49,7751228.17009106,6.9,-1.0,-1.0,9349.0
2016-02-01,539566.2730591842,786778.2159475541,1.0670429495,410581.78292443,505665.0,0.39,1.27,1.53,0.052531,0.77,0.695,0.77,1.55,7806241.86849827,7.5,-1.0,-1.0,10847.0
2016-03-01,539566.2730591842,786778.2159475541,1.0670429495,410581.78292443,505665.0,0.54,2.18,0.79,0.052531,0.77,0.695,0.77,1.67,7806241.86849827,8.0,-1.0,-1.0,10860.0
2016-04-01,539566.2730591842,786778.2159475541,1.0670429495,410581.78292443,505665.0,0.64,2.62,0.43,0.052531,0.77,0.695,0.77,1.67,7806241.86849827,8.1,-1.0,-1.0,8949.0
2016-05-01,539566.2730591842,786778.2159475541,1.0670429495,410581.78292443,505665.0,0.55,3.25,0.36,0.052531,0.77,0.695,0.77,1.63,7806241.86849827,8.3,-1.0,-1.0,9679.0
2016-06-01,539566.2730591842,786778.2159475541,1.0670429495,410581.78292443,505665.0,0.08,4.05,1.13,0.052531,0.77,0.695,0.77,1.62,7806241.86849827,8.4,-1.0,-1.0,9955.0
2016-07-01,539566.2730591842,786778.2159475541,1.0670429495,410581.78292443,505665.0,1.93,4.42,1.63,0.052531,0.77,0.695,0.77,1.64,7806241.86849827,8.7,-1.0,-1.0,9770.0
2016-08-01,539566.2730591842,786778.2159475541,1.0670429495,410581.78292443,505665.0,0.49,4.96,-0.39,0.052531,0.77,0.695,0.77,1.66,7806241.86849827,8.9,-1.0,-1.0,10965.0
2016-09-01,539566.2730591842,786778.2159475541,1.0670429495,410581.78292443,505665.0,0.29,5.42,0.43,0.052531,0.77,0.695,0.77,1.61,7806241.86849827,9.0,-1.0,-1.0,8888.0
2016-10-01,539566.2730591842,786778.2159475541,1.0670429495,410581.78292443,505665.0,0.33,5.51,0.03,0.052531,0.77,0.695,0.77,1.62,7806241.86849827,9.1,-1.0,-1.0,10463.0
2016-11-01,539566.2730591842,786778.2159475541,1.0670429495,410581.78292443,505665.0,0.21,5.78,0.13,0.0521826,0.77,0.695,0.77,1.52,7806241.86849827,9.1,-1.0,-1.0,8548.0
2016-12-01,539566.2730591842,786778.2159475541,1.0670429495,410581.78292443,505665.0,0.16,5.97,0.05,0.05166,0.77,0.695,0.77,1.41,7806241.86849827,9.1,-1.0,-1.0,9565.0
2017-01-01,538037.2110881758,848125.3003426916,1.0462988495166667,417439.199652363,514229.0,0.35,6.29,0.83,0.050788,0.78,0.72,0.78,1.25,7806241.86849827,9.6,-1.0,-1.0,8438.0
2017-02-01,538037.2110881758,848125.3003426916,1.0462988495166667,417439.199652363,514229.0,0.41,0.38,0.43,0.049115,0.78,0.72,0.78,1.2,7820758.2968949,10.3,-1.0,-1.0,6557.0
2017-03-01,538037.2110881758,848125.3003426916,1.0462988495166667,417439.199652363,514229.0,0.65,0.71,0.06,0.047865,0.78,0.72,0.78,1.07,7820758.2968949,11.1,91808.0,-1.0,8184.0
2017-04-01,538037.2110881758,848125.3003426916,1.0462988495166667,417439.199652363,514229.0,0.16,0.96,-0.38,0.045513,0.78,0.72,0.78,1.02,7820758.2968949,11.3,186321.0,-1.0,8092.0
2017-05-01,538037.2110881758,848125.3003426916,1.0462988495166667,417439.199652363,514229.0,-0.02,1.1,-1.24,0.04353744444,0.78,0.72,0.78,1.0,7820758.2968949,11.3,124407.0,-1.0,7806.0
2017-06-01,538037.2110881758,848125.3003426916,1.0462988495166667,417439.199652363,514229.0,0.63,1.42,-0.51,0.041957,0.78,0.72,0.78,0.93,7820758.2968949,11.4,97249.0,-1.0,10831.0
2017-07-01,538037.2110881758,848125.3003426916,1.0462988495166667,417439.199652363,514229.0,0.93,1.18,-0.96,0.03837,0.78,0.72,0.78,0.86,7820758.2968949,11.7,464388.0,-1.0,7703.0
2017-08-01,538037.2110881758,848125.3003426916,1.0462988495166667,417439.199652363,514229.0,0.3,1.43,-0.3,0.03785271429,0.78,0.72,0.78,0.75,7820758.2968949,11.9,104499.0,-1.0,8956.0
2017-09-01,538037.2110881758,848125.3003426916,1.0462988495166667,417439.199652363,514229.0,0.36,1.62,0.24,0.034749,0.78,0.72,0.78,0.7,7820758.2968949,11.9,21482.0,-1.0,8626.0
2017-10-01,538037.2110881758,848125.3003426916,1.0462988495166667,417439.199652363,514229.0,0.06,1.78,0.62,0.0318266,0.78,0.72,0.78,0.65,7820758.2968949,11.9,74302.0,-1.0,6735.0
2017-11-01,538037.2110881758,848125.3003426916,1.0462988495166667,417439.199652363,514229.0,0.31,2.21,0.1,0.03056971429,0.78,0.72,0.78,0.65,7820758.2968949,12.0,-1.0,-1.0,9161.0
2017-12-01,538037.2110881758,848125.3003426916,1.0462988495166667,417439.199652363,514229.0,0.31,2.5,0.8,0.028333,0.78,0.72,0.78,0.65,7820758.2968949,12.2,147004.0,-1.0,8634.0
2018-01-01,570435.2792099417,931902.5755776084,1.0914580687333333,383284.076925806,522636.0,0.07,2.95,0.74,0.0268514,0.78,0.71,0.77,0.71,7820758.2968949,12.7,52856.0,-1.0,7115.0
2018-02-01,570435.2792099417,931902.5755776084,1.0914580687333333,383284.076925806,522636.0,0.31,0.29,0.58,0.026481,0.78,0.71,0.77,0.68,7813724.30644261,13.3,15773.0,-1.0,2781.0
2018-03-01,570435.2792099417,931902.5755776084,1.0914580687333333,383284.076925806,522636.0,0.13,0.61,0.15,0.02581005556,0.78,0.71,0.77,0.71,7813724.30644261,13.9,81187.0,-1.0,7490.0
2018-04-01,570435.2792099417,931902.5755776084,1.0914580687333333,383284.076925806,522636.0,0.24,0.7,0.56,0.02528571429,0.78,0.71,0.77,0.69,7813724.30644261,13.7,202971.0,-1.0,7043.0
2018-05-01,570435.2792099417,931902.5755776084,1.0914580687333333,383284.076925806,522636.0,0.29,0.92,0.93,0.02462,0.78,0.71,0.77,0.74,7813724.30644261,13.4,139908.0,-1.0,4877.0
2018-06-01,570435.2792099417,931902.5755776084,1.0914580687333333,383284.076925806,522636.0,0.23,1.33,1.64,0.02462,0.78,0.71,0.77,0.73,7813724.30644261,13.1,97088.0,-1.0,7031.0
2018-07-01,570435.2792099417,931902.5755776084,1.0914580687333333,383284.076925806,522636.0,0.97,2.6,1.48,0.02462,0.78,0.71,0.77,0.75,7813724.30644261,12.9,401773.0,-1.0,5988.0
2018-08-01,570435.2792099417,931902.5755776084,1.0914580687333333,383284.076925806,522636.0,0.61,2.94,0.44,0.02462,0.78,0.71,0.77,0.77,7813724.30644261,12.7,49825.0,-1.0,7275.0
2018-09-01,570435.2792099417,931902.5755776084,1.0914580687333333,383284.076925806,522636.0,0.15,2.85,0.68,0.02462,0.78,0.71,0.77,0.84,7813724.30644261,12.5,-1.0,-1.0,9468.0
2018-10-01,570435.2792099417,931902.5755776084,1.0914580687333333,383284.076925806,522636.0,0.23,3.34,1.79,0.02462,0.78,0.71,0.77,0.87,7813724.30644261,12.3,85664.0,-1.0,7970.0
2018-11-01,570435.2792099417,931902.5755776084,1.0914580687333333,383284.076925806,522636.0,0.35,3.81,0.26,0.02462,0.78,0.71,0.77,0.88,7813724.30644261,12.1,-1.0,-1.0,7866.0
2018-12-01,570435.2792099417,931902.5755776084,1.0914580687333333,383284.076925806,522636.0,0.13,3.59,-1.14,0.02462,0.78,0.71,0.77,0.86,7813724.30644261,11.9,154929.0,-1.0,8108.0
2019-01-01,605838.7378374484,1022257.4340465084,1.0507671911,398713.664530038,576568.0,0.13,3.75,-0.45,0.02462,0.78,0.71,0.77,0.85,7813724.30644261,12.3,66298.0,-1.0,9908.0
2019-02-01,605838.7378374484,1022257.4340465084,1.0507671911,398713.664530038,576568.0,0.49,0.32,0.07,0.02462,0.78,0.71,0.77,0.81,7827728.36985003,12.7,37341.0,-1.0,10723.0
2019-03-01,605838.7378374484,1022257.4340465084,1.0507671911,398713.664530038,576568.0,0.09,0.75,1.25,0.02462,0.78,0.71,0.77,0.75,7827728.36985003,13.2,105061.0,-1.0,10625.0
2019-04-01,605838.7378374484,1022257.4340465084,1.0507671911,398713.664530038,576568.0,0.31,1.51,1.07,0.02462,0.78,0.71,0.77,0.74,7827728.36985003,13.0,186896.0,-1.0,10593.0
2019-05-01,605838.7378374484,1022257.4340465084,1.0507671911,398713.664530038,576568.0,0.38,2.09,0.9,0.02462,0.78,0.71,0.77,0.7,7827728.36985003,12.8,184305.0,-1.0,10681.0
2019-06-01,605838.7378374484,1022257.4340465084,1.0507671911,398713.664530038,576568.0,0.03,2.22,0.4,0.02462,0.78,0.71,0.77,0.71,7827728.36985003,12.6,110243.0,-1.0,7887.0
2019-07-01,605838.7378374484,1022257.4340465084,1.0507671911,398713.664530038,576568.0,0.88,2.23,0.63,0.02462,0.78,0.71,0.77,0.7,7827728.36985003,12.4,435168.0,-1.0,9751.0
2019-08-01,605838.7378374484,1022257.4340465084,1.0507671911,398713.664530038,576568.0,0.58,2.42,-0.01,0.02462,0.78,0.71,0.77,0.69,7827728.36985003,12.3,53129.0,-1.0,9654.0
2019-09-01,605838.7378374484,1022257.4340465084,1.0507671911,398713.664530038,576568.0,0.42,2.54,-0.51,0.022751,0.78,0.71,0.77,0.62,7827728.36985003,12.0,-1.0,-1.0,9422.0
2019-10-01,605838.7378374484,1022257.4340465084,1.0507671911,398713.664530038,576568.0,0.46,2.49,0.5,0.02203519048,0.78,0.71,0.77,0.59,7827728.36985003,11.9,71115.0,-1.0,11160.0
2019-11-01,605838.7378374484,1022257.4340465084,1.0507671911,398713.664530038,576568.0,0.18,2.6,0.55,0.02078995652,0.78,0.71,0.77,0.57,7827728.36985003,11.7,-1.0,-1.0,10491.0
2019-12-01,605838.7378374484,1022257.4340465084,1.0507671911,398713.664530038,576568.0,0.04,3.12,0.85,0.018985,0.78,0.71,0.77,0.54,7827728.36985003,11.7,139920.0,-1.0,10225.0
